{"cameraMode":{"drawMode":0,"name":"Shaded","section":"Shading Mode"},"sceneLighting":true,"audioPlay":false,"sceneViewState":{"showFog":true,"showMaterialUpdate":false,"showSkybox":true,"showFlares":true,"showImageEffects":true,"showParticleSystems":true},"in2DMode":false,"pivot":{"x":81.6219482421875,"y":40.45398712158203,"z":-13.712875366210938},"rotation":{"x":-0.27193543314933779,"y":0.00345700909383595,"z":-0.000977403949946165,"w":-0.9623253345489502},"size":177.7193145751953,"orthographic":false}