{"cameraMode":{"drawMode":0,"name":"Shaded","section":"Shading Mode"},"sceneLighting":false,"audioPlay":false,"sceneViewState":{"showFog":true,"showMaterialUpdate":false,"showSkybox":false,"showFlares":true,"showImageEffects":true,"showParticleSystems":true},"in2DMode":false,"pivot":{"x":-5.223033905029297,"y":12.400094985961914,"z":-0.0000019073486328125},"rotation":{"x":0.41563403606414797,"y":0.015006325207650662,"z":-0.006858357228338718,"w":0.9093859195709229},"size":38.060516357421878,"orthographic":false}